XP1,XP2,XP3
7455.25,7456.85,5465.33
7144.69,7467.51,5225.5
6970.31,7422.2,5126.14
6870.71,7507.93,5036.7
6644.6,7528.14,4858.09
6431.65,7481.19,4747.42
6593.92,7508.54,4900.02
6568.22,7548.29,4886.64
6600.79,7579.08,4925.14
7058.58,7563.11,5261.66
7145.62,7638.95,5322.01
7800.86,7661.22,5771.86
8490.45,7627.43,6293.15
8607.55,7510.16,6385.3
9284.95,7585.34,6894.5
9476.17,7582.28,7018.83
9111.48,7581.29,6818.99
8991.8,7635.05,6727.18
8989.99,7682.41,6666.59
9349.93,7716.46,6908.36
9667.24,7767.57,7147.48
9940.23,7811.78,7304.63
10452.4,7815.98,7700.71
9871.01,7710.08,7246.01
10385.14,7750.06,7648.11
10464.46,7746.61,7651.72
10782.2,7737.73,7856.05
11036.42,7658.79,8007.89
10612.03,7630.6,7687.36
10497.73,7653.93,7637.25
10150.02,7726.63,7397.82
10425.37,7720.6,7567.81
10468.32,7741.87,7631.22
10438.55,7739.03,7564.01
10283.65,7669.5,7428.85
10084.11,7646.57,7345.09
10425.06,7625.75,7559.04
10034.85,7622.73,7261.75
9986.25,7676.53,7223.76
10090.58,7716.39,7321.07
10488.92,7707.74,7574.39
10248.49,7694.98,7439.72
10153.87,7729.02,7368.42
9733.21,7756.62,7027.74
9610.85,7722.53,6997.03
9489.46,7687.38,6918.24
9884.08,7705.56,7186.31
10067.73,7743.15,7386.58
10099.02,7737.53,7385.84
10382.5,7780.28,7595.14
10300.49,7800.38,7516.89
10298.17,7770.01,7510.42
10406.5,7786.9,7564.77
10904.94,7731.89,7877.26
11137.01,7806.11,8041.61
11292.78,7921.01,8112.08
10787.48,7894.81,7751.33
10889.08,7826.6,7851.89
10941.39,7863.67,7858.6
10663.16,7855.33,7700.85
10686.09,7993.18,7749.78
10732.84,7990.14,7806.41
10889.54,8038.04,7918.82
11092.4,8039.9,8043.36
11184.93,7994.47,8105.47
11502.81,8005.69,8366.05
11731.39,7904.58,8477.28
12078.28,8000.25,8709.84
12472.84,8011.19,8999.11
12703.14,8152.68,9176.43
12846.43,8192.03,9288.19
12543,8138.21,9027.73
12345.54,8181.66,8860
12075.46,8118.75,8599.23
11577.4,8035.87,8216.44
11174.21,8055.75,7923.59
10907.79,8027.78,7756.68
10745.22,8027.85,7611.45
10727.57,8032,7623.3
11395.9,8000.64,8127.2
11508.09,7970.8,8261.67
11509.46,7963.8,8316.74
11518.69,8022.88,8348.26
11397.23,7939.97,8271.88
11159.77,7975.95,8093.66
11069,7995.44,7963.3
10971.07,8054.68,7876.76
10887.31,8036.97,7874.07
10409.68,8057.42,7517.3
10568.33,8071.71,7650.11
11010.66,8043.56,8016.15
10820.9,8105.58,7838.07
10997.49,8170.37,7937.09
11065.11,8211.94,8004.79
11303.54,8304.85,8167.63
11139.2,8342.19,8014.5
11450.37,8260.81,8269.57
11005.72,8222.59,7973.82
10879.69,8145.37,7814.17
10837.62,8114.43,7779.63
10978.8,8076.34,7905.02
11138.2,8078.83,7983.76
11116.65,8028.17,7974.6
10805.23,8037.06,7723.84
10885.86,8001.96,7761.81
10472,8095.79,7436.02
10728.48,8141.28,7634.94
11000.44,8197.59,7787.91
11230.39,8221.49,7902.65
11263.8,8320.83,7848.04
11147.44,8277.2,7799.29
11269.31,8247.18,7848.78
11439.7,8334.93,7900.25
11601.95,8291,8021.97
11365.41,8277.67,7913.82
11767.43,8254.12,8204.1
11419.8,8235.83,7945.18
11724.75,8220.54,8201.31
12006.1,8246.71,8344.28
12095.54,8237.4,8438.59
11644.21,8211.5,8110.73
12099.77,8279.93,8443.56
12315.44,8267.71,8589.36
12259.42,8257.92,8535.19
12483.39,8252.64,8625.67
12958.71,8289.14,8902.13
13127.63,8285.29,9091.26
13138.71,8283.37,9070.46
12661.5,8249.22,8699.1
12990.93,8232.7,8921.82
12793.44,8235.72,8818.09
13056.1,8206.57,9024.3
13340.26,8233.16,9216.36
13463.31,8156.51,9322.22
13838.75,8174.07,9548.49
13578.61,8089.61,9318.96
13727.57,8071.12,9431.25
14032.14,8040.63,9725.22
14123.78,8004.32,9780.77
14461.47,8001.21,10022.51
13957.81,7901.17,9639.79
13657.61,7975.14,9372.26
13712.95,7866.08,9426.44
13781.15,7832.41,9495.53
13937.44,7758.02,9681.14
13914.32,7707.83,9718.47
13633.9,7840.73,9502.79
13784.02,7842.11,9628.8
13888.84,7750.95,9736.22
13554.16,7632.05,9513.34
13447.24,7667.51,9508.42
13768.98,7666.17,9698.28
13493.9,7645.56,9473.59
13432.16,7590.02,9482.08
13629.47,7502.07,9616.13
13396.03,7433.33,9503.14
12939.8,7497.03,9132.16
13280.79,7457.39,9429.44
13648.63,7374.23,9703.04
13645.2,7492.87,9683.38
13751.57,7524.83,9669.2
13780.28,7508.45,9707.24
13782.32,7574.44,9674.79
14000.37,7630.56,9851.18
14309.6,7591.84,10206.82
14211.96,7722.49,10106.51
14308.31,7703.09,10111.68
14510.93,7605.65,10167.51
14606.36,7595.28,10259.65
14040.99,7608.72,9930.65
13329.47,7746.3,9447.17
13484.38,7754.57,9637.29
13860.86,7786.58,9909.91
13430.6,7781.57,9616.64
13633.2,7761.63,9728.29
13717.67,7759.69,9808.22
13954.42,7801.37,10038.05
14389.1,7912.24,10380.35
14440.04,7981.75,10401.71
14236.49,8063.99,10260.25
14962.71,7976.94,10776.81
15849.72,8047.7,11414.3
16357.12,8063.4,11695.18
16268.3,7967.53,11708.87
16482.95,8004,11827.18
16237.62,7993.59,11660.25
16697.86,8082.18,12076.03
16891.13,8030.93,12127.85
16077.3,8003.29,11452.66
15765.62,7947.55,11115.02
14922.37,7936.93,10493.14
15455.91,7959.51,10789.83
15326.89,7919.89,10632.18
14835.83,7964.55,10416.04
14791.25,7898.55,10307.81
14942.79,7838.16,10460.27
14572.38,7922.72,10191.83
14549.29,7857,10189.14
14318.42,7883.49,10025.03
14566.52,7860.49,10156.28
15349.24,7883.77,10607.94
15727.72,7975.94,10778.52
15716.58,8077.21,10876.72
15978.56,8053.45,11060.91
16510.12,7903.25,11356.67
15971.69,8109.15,10963.89
15698.94,8183.32,10811.61
15866.86,8238.32,10961.26
15265.89,8237.08,10496.49
15788.19,8278.53,10817.38
15795.08,8266.21,10825.32
15091.43,8294.81,10334.2
14803.99,8269.28,10145.93
14563.56,8186.93,9882.1
14198.26,8250.53,9670.13
14785.37,8349.54,10078.03
14727.32,8327.18,10085.66
14771.85,8243.85,10143.19
14354.93,8288.04,9900.3
14180.26,8285.1,9775.74
14105.61,8179.42,9719.35
13635.57,8179.56,9353.09
13982.82,8139.42,9621.94
14159.25,8118.64,9777.42
13951.71,8052.11,9702.44
14399.45,8160,10122.77
14393.68,8136.51,10263.99
14101.4,8031.88,10007.44
13957.14,8046.02,9930.43
13295.25,8063.26,9531.61
13639.6,8003.2,9761.31
13452.68,7826.71,9649.53
13457.81,7770.95,9640.05
13367.84,7816.21,9573.53
13878.37,7811.83,10011.44
13347.31,7805.34,9706.74
13341.39,7839.32,9695.13
13349.95,7770.32,9637.69
13349.52,7836.42,9681.43
13204.82,7836.08,9643.75
13073.38,7876.84,9594.11
13122.3,7935.52,9659.16
12821.14,7948.64,9412.11
13290.85,7899.91,9675.07
13170.01,7964.68,9584.74
13792.92,7846.67,10005.5
13575.4,7808.11,9871.86
13548.58,7791.34,9815.8
12930.68,7781.31,9340.11
13206.11,7838.74,9529.49
12693.79,7846.64,9113.27
11671.81,7868.89,8342.07
11171.58,7865.21,8024.89
11074.71,7852.64,7973.41
10939.32,7886.98,7889.49
10733.85,7944.54,7711.64
10519.47,7814.54,7573.21
11078.25,7855.22,8000.54
11071.55,7880.18,8005.68
11124.79,7853.83,8026.31
10869.09,7909.21,7835.21
10365.36,7886.18,7447.89
11247.7,7870.26,8129.68
11668.02,7915.98,8462.46
12050.69,8009.5,8707.18
12252.06,8026.8,8872.59
11988.76,8001.56,8642.64
12006.04,7934.07,8617.64
11644.98,7914.43,8398.69
12162.44,7861.81,8753.24
12492.99,7847.18,8944.69
12626.23,7868.32,9112.07
12547.57,7823.98,8971.65
12112.39,7963.64,8675.98
12168.82,7975.4,8787.23
13105.16,8052.43,9443.36
13528.56,7892.67,9744.4
13878.03,7957.17,10097.11
14553.94,7849.77,10506.3
15195.58,7925.82,10989.89
16339.12,7957.64,11804.04
16787.13,7927.99,12171.82
15844.69,8016.22,11453.55
15479.32,7966.57,11140.4
15562.34,7927.77,11196.15
15264.7,7864.87,10917.47
15349.08,7823.02,10981.48
15591.1,7879.64,11134.38
15502.72,7905.87,11087.96
16015.18,7963.66,11533.35
15650.27,7940.61,11334.73
16508.02,7961.7,11936.03
15894.06,7974.87,11372.42
15887.73,7900.68,11352.28
14880.39,8002.74,10590.27
14890.17,8011.87,10569.46
14761.21,8059.61,10468.21
14297.13,8118.1,10176.59
13239.59,8114.96,9417.91
12921.07,8097.27,9235.77
13168.51,8146.51,9461.32
13038.72,8087.42,9364.52
13063.59,8201.79,9321.08
12891.36,8174.36,9196.61
12712.84,8283.28,9132.01
12231.87,8396.75,8787.9
12928.62,8403.56,9315.99
12815.68,8445.39,9220.01
12397.13,8374.24,8836.59
12858.32,8396.54,9152.67
13279.61,8463.65,9510.75
13840.41,8470.18,9835.01
14677.7,8442.3,10374.54
13266.88,8403.78,9383.15
13625.51,8401.71,9623.46
14273.16,8460.55,10052.48
14501.29,8432.37,10234.01
13816.87,8425.53,9756.19
13619.8,8355.3,9607.76
12840.45,8384.35,9006.72
12279.05,8459.07,8546.91
11954.62,8552.5,8341.75
13024.45,8609.27,9037.45
13073.98,8481.41,9004.81
13497.15,8519.6,9261.43
13152.52,8553.05,8989.2
13234.56,8528.84,9140.33
12922.87,8539.73,8936.95
12437.74,8487.8,8567.46
12154.49,8528.66,8393.01
12459.54,8509.2,8599.96
12323.52,8419.81,8418.88
12732.23,8396.26,8686.77
12824.64,8478.65,8710.11
12801.14,8456.58,8747.9
12398.88,8501.89,8428.69
11911.31,8559.78,7995.38
12320.1,8560.06,8258.54
12367.97,8539.33,8268.06
12847.34,8509.35,8488.53
12450.04,8550.43,8259.32
11985.6,8490.58,8010.3
11320.17,8505.01,7588.86
10673.73,8488.72,7185.7
10346.02,8365.29,6910.46
10757.29,8266.3,7183.07
11242.25,8334.19,7522.17
11313.69,8320.26,7530.1
11362.73,8373.68,7556.66
11584.68,8497.04,7726.17
11780.47,8612.63,7849.47
11753.06,8670.2,7859.07
11231.74,8700.55,7474.88
11532.47,8686.39,7657.15
11410.01,8792.8,7558.43
11278.03,8838.11,2546.44
11095.53,8753.67,7305.31
10447.37,8742.26,6808.48
10119.17,8613.06,6630.75
10876.25,8597.63,7130.06
10955.98,8411.85,7240.12
10064.5,8537.23,6644.01
10042.36,8474.56,6663.17
10066.21,8436.09,6663.15
10329.2,8422.46,6829.89
10107.25,8466.87,6654.11
10214.78,8513.56,6793.19
10443.06,8551.27,6938.73
11198.42,8514.79,7391.03
11579.29,8431.41,7663.45
10907.95,8405.91,7264.22
11321.01,8423.04,7524.2
11527.71,8374.89,7651.77
11400.27,8370.87,7586.82
11738.45,8305.96,7765.02
11315.84,8305.48,7468.82
11539.38,8312.65,7601.25
11653.32,8304.83,7646.06
12021.16,8296.31,7858.81
11307.93,8386.04,7392.35
10707,8432.98,7014.67
11588.69,8500.83,7557.48
11769.58,8441.89,7710.78
12076.05,8452.34,7911.64
11946.6,8521.3,7830.36
12071.32,8517.73,7888.75
11058.57,8391.45,7247.82
11465.39,8416.83,7552.99
10964.06,8287.36,7180.28
10868.69,8223.19,7177.01
10555.38,8322.25,6999
10642.2,8370.78,7079.44
10264.67,8451.44,6857.79
10025.66,8474.39,6706.23
10116.09,8466.8,6759.24
10251.6,8408.06,6823.43
10477.98,8508.88,6996.95
10088.55,8512.11,6710.67
9840.19,8465,6569.68
10146.11,8520.06,6764.14
10035.52,8588.51,6718.1
10424.81,8713.36,6951.62
10207.2,8665.53,6774.67
10628.13,8636.69,7086.09
11140.69,8608.28,7455.44
11432.3,8584.23,7586.74
11649.5,8562,7699.01
12270.86,8544.84,8068.06
12229.05,8625.4,8027.34
11631.43,8581.49,7708.34
11527.71,8557.66,7649.21
10736.44,8595.94,7061.77
10965.14,8661.43,7214.52
11027.91,8613.75,7281.61
11071.25,8582.77,7259.72
11285.37,8613.58,7411.8
10923.24,8672.3,7152.18
11038.43,8657.15,7199.3
10976.39,8574.74,7132.42
10659.94,8683.04,6907.97
10040.59,8788.89,6495.7
10264.46,8732.08,6690.77
10227.81,8727.18,6709.24
10740.37,8606.27,7019.45
10439.76,8650.72,6876.72
10816.5,8768.7,7156.91
10924,8634.04,7227.26
10650.2,8564.43,7035.92
10637.13,8511.01,7035.67
11004.41,8458.49,7276.4
11189.16,8311.39,7450.53
11064.17,8354.37,7299.25
11029.06,8233.9,7281.44
11137.11,8231.81,7364.63
11396.15,8276.09,7586.61
10849.48,8262.17,7180.19
11064.72,8319.63,7251.55
10806.94,8317.97,7022.91
11288.22,8279.18,7306.85
10782.54,8316.85,6992.47
10557.87,8291.91,6842.21
11099.46,8390.3,7192.18
11316.7,8389.09,7338.02
11233.98,8441.54,7317.44
11442.9,8454.2,7431.86
11041.77,8278.42,7215.74
10649.42,8160.74,6945.54
10364.11,8123.44,6756.84
10281.26,8142.13,6701.89
10129.31,7974.88,6614.25
9741.04,8061.35,6373.28
10330.18,8008.73,6722.7
10079.33,7949.03,6518.88
10001.93,7833.73,6475.22
10342.39,7718.46,6673.09
10037.04,7723.11,6512.76
9682.94,7760.42,6287.58
9414.88,7618.04,6111.26
9566.42,7536.34,6203.49
9467.5,7578.12,6121.24
9461.14,7545.63,6125.76
9432.96,7687.55,6148.97
9513.66,7790.65,6226.73
9727.43,7841.06,6337.61
9717.42,7841.44,6331.78
9335.33,7860.95,6104.75
9173.46,7815.73,6022.35
9130.82,7854.2,5985.67
9442.85,7941.71,6231.15
9377,8012.81,6179.23
9335.67,7958.36,6177.46
9231.74,7853.85,6083.52
9218.31,7846.06,6059.91
8885.2,7874.48,5896.11
9315.9,7956.34,6145.49
9345.73,7870.04,6167.01
9451.05,7894.88,6225.4
9842.49,7909.63,6454.68
9775.01,7979.87,6413.24
9760.51,7978.14,6362.06
9754.77,7957.5,6357.16
10333.7,7894.49,6751.85
10304.89,7864.81,6735.18
10352.12,7844.86,6774.63
10277.03,7968.99,6751.06
10505.47,8142.57,6913.15
10893.11,8126.71,7141.75
10434.38,8039.29,6801.91
10483.58,7879.32,6792.28
10053.42,7927.4,6514.22
10334.96,7835.09,6727.52
10697.2,8022.96,6933.32
10686.11,7929.41,6916.21
10563.47,7940.26,6867.03
10934.61,8266.8,7073.06
10594.26,8096.47,6876.21
10346.02,8140.69,6717.84
10778.99,8002.5,6985.85
11057.95,8043.56,7148.47
10913.23,7952.94,7061.03
10849.98,7960.35,7039.44
10674.65,7935.34,6910.49
10476.5,7846.32,6787.09
10758.3,7847.16,6999.75
10535.3,7914.22,6850.82
9976.37,8021.96,6507.07
9717.2,7918.16,6319.26
9561.35,7898.66,6202.82
9235.05,7980.08,5994.36
8757.67,7899.92,5689.75
8652.59,7719.03,5576.78
9191.58,7631.72,5910.26
9606.36,7547.1,6165.18
9783.64,7551.03,6246.49
9444.01,7521.42,6019.92
9157.26,7536.83,5860.79
9085.4,7511.07,5792.62
9394.75,7532.39,6002.81
9560.03,7512.61,6079.4
8915.84,7573.96,5614.81
9179.73,7533.32,5820.57
9439,7549.02,5992.62
9422.81,7503.4,5962.34
9212.09,7514.23,5874.26
8670.51,7511.85,5531.67
8753.5,7431.01,5611.9
8102.67,7423,5178.95
8318.07,7484.53,5332.36
8361.41,7522.3,5356.81
8172.37,7530.08,5186.36
8015.17,7468.72,5063.51
8105.49,7532.09,5107.01
8114.02,7536.62,5121.53
8435.55,7512.44,5320.51
8451,7596.86,5314.7
8412.13,7550.93,5275.64
8258.44,7568.48,5148.42
7942.48,7638.36,4915.11
7775.24,7673.73,4804.82
7736.61,7656.32,4757.96
7635.98,7633.9,4687.13
7507.49,7652.2,4625.57
7847.18,7677.89,4825.97
8206.27,7678.82,5051.8
8383.51,7742.16,5217.14
8367.29,7738.64,5207.44
8183.92,7702.96,5109.22
7936.2,7730.27,4983.94
7867.23,7619.49,4946.76
7541.46,7644.56,4683.18
7535.41,7674.22,4654.29
7873.91,7661.43,4921.36
7641.24,7601.6,4746.86
7642.2,7579.67,4759.25
7632.24,7661.56,4764.59
7483.09,7616.88,4690.87
7455.77,7481.42,4712.98
7487.42,7541.63,4771.73
7743.24,7506.08,4941.16
7965.29,7472.82,5129.4
7884.34,7399.25,5073.33
7862.55,7397.85,5060.95
8376.68,7437.81,5339.15
8184.87,7405.14,5209.62
8365.82,7372.73,5308.27
8371.27,7429.5,5305.99
7981.75,7416.06,2310.13
7772.94,7407.85,4907.9
7634.42,7377.21,4809.7
7587.49,7420.85,4764.59
7902.11,7371.11,4943.19
8009.1,7414.73,5042.62
8423.91,7456.65,5319.85
8911.8,7432.18,5632.91
8757.63,7474.99,5511.76
8651.02,7525.69,1678.35
8421.1,7556.32,5312.82
8317.35,7661.73,5230.52
8466.85,7533.78,5367.32
8487.31,7444.92,5413.43
8568.28,7341.1,5487.16
8456.83,7354.07,5433.23
8540.87,7463.5,5462.01
8421.44,7591.78,5335.04
8553.28,7633.68,5442.79
8917.25,7702.09,5658.37
9025.94,7691.22,5771.7
9330.34,7722.81,5993.19
9183.89,7746.46,5894.4
9261.95,7701.65,5936.47
8728.4,7684.83,5563.64
9324.03,7677.54,5913
9614.95,7749.17,6046.48
9803.47,7689.89,6155.23
9706.4,7567.27,6146.8
9775.23,7621.8,6219.8
10383.22,7566.38,6626.92
10602.57,7538.1,6737.79
10589.92,7592.46,6731.54
10357.41,7546.74,6633.98
9967.05,7526.96,6364.34
10008.62,7608.78,6390.67
9895.34,7641.03,6343.4
9906.81,7672.52,6373.87
9947.86,7664.89,6405.12
9977.36,7605.01,6347.96
10143.13,7522.76,6427.66
10110.47,7509.31,6440.72
10260.63,7621.13,6498.12
10271.86,7636.44,6554.98
10288.56,7646.79,6554.12
10665.42,7666.14,6798.67
10535.55,7644.95,6742.27
10579.17,7571.5,6779.35
10659.45,7724.28,6800.56
10864.62,7689.82,6931.07
10615.67,7667.96,6704.92
10847.82,7549.23,6867.95
10758.74,7530.67,6798.5
11149.02,7514.05,6997.62
11255.68,7498.4,7035.52
11390.34,7397.06,7115.86
11564.8,7513.23,7274.1
11552.91,7646.52,7324.99
11192.38,7706.19,7039.69
11348.46,7617.72,7123.59
10823.01,7673.73,6769.68
11071.95,7655.57,6957.31
10870.1,7634.31,6799.25
10810.64,7717.5,6744.52
10890.52,7636.77,6810.8
11147.89,7602.46,6986.69
11128.38,7556.94,6984.67
11125.33,7558.12,7035.68
11381.2,7471.05,7239.2
11447.51,7427.9,7295.64
11189.64,7469.85,7138.24
10986.4,7496.39,7011.24
11279.19,7443.37,7140.55
11491.72,7474.08,7309.88
11740.52,7344.69,7461.32
11404.38,7320.91,7225.57
10982.87,7366.08,7026.38
10977.13,7326.02,7024.23
10673.09,7323.91,6798.53
10532.45,7238.57,6723.76
10272.61,7289.1,6556.05
10276.23,7180.55,6552.2
9895.23,7158.67,6277.54
9612.24,7143.01,6074.48
9798.2,7146.44,6176.68
10253,7103.39,6421.9
10142.37,7197.93,6321.08
10318.27,7109.63,6434.58
10094.38,7126.2,6243.62
10063.57,6951.32,6198.33
9885.59,6951.53,6062.95
9774.28,6989.42,5981.33
9761.59,6915.71,5983.22
10185.92,6962.68,6208.25
10333.55,6983.54,6272.78
10356.26,7040.04,6270.35
10598.27,6991.12,6419.15
10864.3,6936.51,6576.05
10699.34,6837.83,6461.45
10684.52,6817.44,6475.36
10472.69,6740.43,6298.89
10518.69,6781.65,6303.51
10414.48,6785.72,6201.05
9989.87,6900.5,5985.06
9948.84,6822.76,5944.48
9776.95,6901.48,5869.21
9776.17,6865.69,5874.5
9758.5,6775.29,5843.86
9715.86,6812.77,5815.67
9360.82,6725.51,5571.46
9161.02,6658,5435.56
9002.49,6612.09,5348.09
8979.54,6624.49,5356.48
8885.02,6570.79,5278.88
8715.46,6628.31,5167.54
8413.97,6562.94,4989.3
8516.4,6575,5088.86
8442.05,6582.34,5072.72
8171.03,6531.36,4916.52
8373.43,6510.42,5060.08
8446.22,6480,5058.72
8255.52,6523.42,4961.89
8462.57,6595.82,5106.68
8336.15,6540.86,4979.92
8335.17,6590.04,4992.85
8309.92,6586.05,4954.39
8546.52,6489.99,5076.59
8182.42,6446,4836.45
8419.7,6471.43,4958.33
8298.63,6478.92,4882.13
8365.9,6361.9,4920.03
8648.77,6398.3,5066.52
8733.35,6436.48,5101.16
8578.06,6419.68,4977.91
8850.5,6383.8,5148.79
8810.78,6479.96,5099.04
9013.9,6474.59,5251
9211.22,6473.83,5371.61
9199.79,6418.12,5367.69
8892.72,6350.09,5160.37
9116.7,6268.95,5280.19
9609.28,6244.74,5545.7
9787.67,6316.29,5652.54
9486.58,6414.93,5502.83
9362.01,6516.58,5451.7
9430.05,6608.81,5503.69
9602.38,6591.37,5616.62
9077.06,6511.71,5316.26
8963.89,6490.36,5225.72
8727.22,6348.83,5095.45
8600.34,6325.38,5009.45
8671.02,6435,5036.83
8766.47,6444.66,5136.04
8864.99,6516.09,5176.12
8644.95,6547.98,5015.68
8499.63,6501.34,4890.47
8553.53,6600.25,4931.15
8385.32,6595.13,4802.04
8459.26,6538.05,4820.84
8610.95,6542.09,4914.52
8419.5,6462.93,4810.39
8357.2,6511.73,4757.11
8341.42,6539.44,4739.71
8459.38,6521.01,4849.01
8530.58,6497.3,4927.85
8450.53,6540.64,4877.32
8397.25,6490.44,4842.85
8328.36,6442.92,4859.92
8489.72,6463.52,4969.75
8672.24,6442.63,5053.72
8797.68,6483.69,5099.87
9050.76,6474.65,5244.43
9006.8,6526.44,5248.44
9122.21,6549.53,5336.26
9094.87,6448.12,5314.5
9210.47,6371.47,5340.87
9410.23,6447.56,5475.97
9987.63,6490.3,5864.14
10145.89,6433.8,5923.21
10231.57,6357.28,5962.83
9975.42,6418.18,5789.42
10094.89,6370.46,5850.49
10062.89,6471.18,5844.14
9779.67,6586.62,5690.06
10235.18,6477.92,5948.27
9784.76,6412.88,5726.34
9868.44,6323.66,5786.4
9360.35,6370.96,5477.89
9549.74,6286.15,5602.16
9448.44,6151.34,5543.1
9432.88,6307,5544.14
9070.52,6400.19,5332.96
9097.42,6472.99,5356.12
9063.17,6417.77,5341.33
9438.87,6416.93,5574.08
9809.95,6457.78,5749.34
9791.27,6379.31,5700.09
9705.88,6371.58,5635.76
9701.08,6381.39,5653.06
9368.09,6467.88,5441.02
9304.05,6505.59,5427.76
9418.24,6576.77,5496.71
9639.72,6584.98,5662.98
9430.05,6525.7,5528.62
8969.46,6507.42,5214.52
9348.99,6424.37,5428.62
9084.94,6476.25,5253.3
8972.22,6554.47,5186.61
8439.99,6550.73,4862.21
8452.23,6497.75,4897.94
8397.47,6555.75,4853.93
8318.96,6563.34,4814.1
8412.2,6543.93,4856.36
8173.67,6597.12,4703.59
7827.85,6559.43,4501.28
8185.15,6615.05,4718.53
8279.07,6572.27,4762.34
8494.1,6591.78,4897.58
8616.65,6633.98,4948.45
8476.9,6569.95,4885.31
8320.52,6590.31,4728.78
8262.89,6584.91,4683.46
8319.14,6615.67,4742.57
8369.1,6580.01,4778.67
8428.25,6576.08,4802.29
8656.35,6635.69,4918.13
8594.23,6643.78,4908.96
8084.59,6681.24,4569.46
8218.06,6671.06,4663.52
8208.61,6625.68,4641.96
8347.1,6625.18,4689.57
8598.76,6571.8,4810.84
8351.41,6451.13,4677.86
8356.41,6524.87,4685.27
8384.52,6455.2,4726.1
8266.72,6340.51,4648.64
7978.33,6410.67,4500.88
7949.16,6409.86,4469.91
7756.06,6373.31,4377.18
7913.73,6363.28,4477.3
7663.1,6341.41,4349.63
7551.95,6389.27,4294.96
7439.15,6424.88,4209.28
7322.4,6342.06,4125.72
7497.74,6361.34,4260.78
7631.11,6398.08,4352.54
7766.72,6430.97,4382.69
8076.59,6314.92,4548.24
8201.89,6300.24,4617.12
8421.29,6411.2,4746.06
8616.16,6465.25,4859.47
8550.01,6355.28,4815.38
8543.84,6238.16,4812.41
8526.66,6275.29,4782.1
8506.07,6263.42,4737.88
8294.57,6321.54,4631.2
8486.5,6338.98,4705.81
8657.26,6343.37,4830.22
8521.12,6352.47,4785.93
8460.04,6360.17,4767.61
8344.98,6304.59,4674.35
8151.22,6414.05,4526.63
8354.59,6326.51,4611.17
8389.29,6325.42,4624.44
8394.86,6294.17,4589.93
8480.08,6389.85,4638.83
8437.02,6452.7,4603.01
8355.13,6418.05,4525.64
8110.13,6429.68,4388.03
8118.54,6490.08,4405.86
8033.78,6610.39,4348.62
8059.21,6631.32,4361.38
8024.92,6566.37,4391.76
8032.32,6506.42,4395.36
8341.41,6625.18,4552.58
8321.69,6476.2,4558.99
8155.45,6733.02,4483.99
8022.89,6699.46,4394.1
8036.09,6649.59,4399.78
7794.14,6664.63,4258.02
7734.14,6742.1,4216.07
7572.8,6766.16,4113.36
7660.89,6627.92,4150.76
7969.37,6656.52,4313.26
7890.17,6688.96,4258.9
7999.47,6732.08,4322.2
7543.8,6668.78,4062.05
7598.25,6526.1,4068.58
7403.96,6501.43,3975.59
7590,6437.89,4073.5
7484.5,6388.76,3985.55
7497.32,6331.51,3977.67
7294.91,6308.44,3910.38
7138.3,6291.94,3817.8
7038.42,6330.9,3757.55
6909.86,6378.5,3689.89
6945.57,6339.52,3703.55
7152.99,6324.74,3820.32
7339.88,6341.02,3921.51
7230.5,6401.5,3905.54
7505.17,6398.81,4054.63
7638.19,6322.43,4112.46
7711.55,6334.34,4178.55
7509.83,6328.66,4104.86
7687.78,6407.81,4205.41
7526.15,6426,4088.26
7120.47,6395.24,3844.47
7294.23,6374.44,3948.29
7149.85,6351.68,3871.5
7278.22,6359.77,3958.84
7665.9,6367.13,4130.86
7430.67,6404.17,3972.22
7332.51,6417.66,3923.62
7369.97,6402.59,3957.65
7091.45,6364.74,3813.3
7097.94,6391.2,3818.24
7103.63,6388.59,3801.49
6947.79,6395.97,3707.61
6950.92,6439.54,3700.2
6842.33,6514.07,3658.73
6572.52,6465.68,3490.89
6544.4,6548.52,3468.63
6502.97,6498.67,3446.58
6479.23,6513.43,3425.44
6571.09,6524.8,3475.97
6183.66,6511.57,3262.13
5880.21,6574.56,3114.9
5836.88,6541.65,3113.73
5692.32,6573.45,3042.26
5528.54,6572.83,2938.47
5284.11,6531.29,2801.35
5277.77,6586.37,2814.27
5512.87,6484.91,2923.12
5221.6,6453.69,2762.95
5058.54,6369.25,2660.25
5046.27,6380.74,2652.81
4825.23,6394.93,2544.74
4842.55,6339.38,2547.12
4665.35,6372.27,2457.92
4940.46,6321.93,2606.58
4923.49,6354.29,2599.1
4846.93,6365.62,2547.18
4653.63,6397.74,2444.33
4463.5,6355.86,2351.39
4270.39,6360.16,2232.07
4326.08,6340.32,2270.12
4399.98,6279.08,2319.24
4275.73,6286.14,2261.36
4418.7,6363.54,2329.55
4408.79,6329.91,2336.01
4141.44,6320.06,2185.6
4253.57,6351.73,2253.53
4246.48,6353.37,2243.62
4463.84,6436.7,2344.69
4443.11,6475.74,2318.33
4515.02,6594.97,2352.29
4420.47,6618.53,2317.09
4545.16,6549.21,2362.9
4588.79,6574.83,2407.27
4583.82,6523.02,2416.47
4734.02,6468,2507.59
4789.68,6457.77,2552.78
4672.51,6504.18,2496.55
4832.5,6521.39,2581.9
4854.05,6559.85,2599.15
5067.44,6603.13,2703.19
5143.71,6594.88,2778.96
5152.72,6485.96,2784.5
5110.18,6533.27,2774.34
5295.09,6657.45,2860.67
5297.85,6661.67,2850.65
5217.24,6574.81,2825.14
5182.07,6550.6,2810.78
5257.03,6495.08,2824.08
5293.02,6492.68,2867.04
5319.6,6528.04,2905.72
5507.84,6571.8,3015.4
5429.59,6583.64,2973.04
5493.38,6539.49,3019.42
5424.52,6578.15,2986.84
5463.5,6642.24,3001.85
5363.11,6758.85,2940.33
5742.48,6725.69,3133.13
5670.3,6754.7,3103.34
5609.11,6822.51,3093.69
5580.32,6815.65,3087.36
5717.78,6843.9,3154.78
5491.15,6854.91,3052.54
5455.47,6848.41,3025.44
5504.74,6856.15,3034.72
5511.47,6898.84,3057.29
5594.03,6917.76,3109.89
5832.21,6896.69,3246.57
5830.4,6797.52,3230.71
5961.78,6752.34,3283.54
6261.04,6751.25,3445.73
6126.2,6624.35,3401.14
6153.91,6772.35,3431.21
6164.03,6646.28,3426.21
6154.76,6545.27,3456.33
6009.64,6667.7,3389.43
5962.25,6473.04,3397.08
5958.2,6550.51,3395.66
6113.65,6517.46,3514.53
6064.25,6555.56,3482.69
5898.52,6621.24,3376.79
5875.19,6552.83,3340.97
5716.55,6504.91,3271.99
5761.62,6316.75,3312.78
5601.15,6230.74,3200.81
5747.25,6262.37,3298.88
5857.55,6299.62,3375.4
5896.51,6435,3373.15
6061.5,6440.22,3484.12
5931,6473.02,3397.86
6097.54,6477.82,3507.38
5996.13,6449.81,3446.05
5982.03,6489.65,3449.54
5659.53,6513.63,3255.24
5605.42,6519.97,3226.08
5483.79,6482.51,3155.28
5424.59,6480.68,3122.7
5371.4,6514.57,3081.49
5284.77,6544.28,3033
5355.79,6523.11,3073.15
5510.95,6494.48,3172.05
5434.75,6516.32,3131.56
5224.35,6560.51,2991.71
5349.33,6565.91,3104.42
5396.8,6552.51,3135.59
5360.71,6515.87,3117.65
5552.88,6497.97,3233.77
5292.03,6436.15,3122.48
5479.44,6403.67,3250.71
5663.82,6455.31,3377.25
5544.96,6508.6,3307.76
5577.53,6465.14,3324.81
5523.54,6475.5,3266.44
5405.48,6478.71,3210.47
5486.99,6405.93,3247.62
5311.3,6446.46,3151.58
5099.61,6352.07,3041.9
5011.98,6279.83,2999.86
5132.05,6338.51,3072.95
4871.43,6307.01,2912.7
4870.34,6295.37,2928.64
4969.14,6215.3,2990.12
5082.33,6136.02,3054.7
5247.87,6156.27,3167.48
5107.32,6147.06,3069.44
5129.48,6118.46,3096.76
5223.53,6057.09,3147.43
5283.91,6003.64,3185.88
5372.67,6103.66,3233.43
5546.02,6083.88,3330.54
5609.16,6126.14,3366.65
5709.33,6167.4,3427.97
5759.87,6206.31,3479.18
