Data as of 26-10-06,,,,,,
YYYYQ,1Y_Mean,1Y_95%Low,1Y_95%High,10Y_Mean,10Y_95%Low,10Y_95%High
19951,1.247,0.624,1.871,2.224,1.693,2.755
19952,1.182,0.557,1.806,2.14,1.608,2.672
19953,1.202,0.577,1.828,2.168,1.634,2.702
19954,1.221,0.595,1.848,2.195,1.66,2.731
19961,1.24,0.612,1.867,2.221,1.685,2.758
19962,1.258,0.63,1.886,2.247,1.708,2.785
19963,1.25,0.621,1.88,2.238,1.698,2.777
19964,1.243,0.613,1.873,2.229,1.688,2.77
19971,1.235,0.604,1.866,2.219,1.677,2.762
19972,1.226,0.594,1.858,2.209,1.666,2.752
19973,1.188,0.556,1.821,2.162,1.617,2.706
19974,1.151,0.518,1.785,2.114,1.568,2.66
19981,1.106,0.472,1.74,2.056,1.51,2.603
19982,1.063,0.428,1.698,2.001,1.453,2.548
19983,1.008,0.373,1.644,1.93,1.381,2.479
19984,0.957,0.32,1.593,1.863,1.313,2.413
19991,0.898,0.261,1.535,1.787,1.236,2.338
19992,0.836,0.198,1.474,1.706,1.155,2.258
19993,0.831,0.192,1.469,1.701,1.149,2.254
19994,0.824,0.185,1.464,1.694,1.141,2.248
20001,0.849,0.209,1.489,1.729,1.174,2.283
20002,0.874,0.234,1.515,1.762,1.207,2.318
20003,0.884,0.243,1.525,1.776,1.22,2.332
20004,0.893,0.251,1.535,1.789,1.232,2.346
20011,0.906,0.264,1.549,1.808,1.25,2.366
20012,0.919,0.276,1.563,1.828,1.269,2.386
20013,0.895,0.251,1.539,1.798,1.238,2.357
20014,0.87,0.225,1.514,1.767,1.207,2.328
20021,0.821,0.176,1.466,1.706,1.145,2.267
20022,0.773,0.127,1.419,1.646,1.084,2.208
20023,0.748,0.101,1.394,1.616,1.054,2.179
20024,0.724,0.076,1.371,1.588,1.024,2.151
20031,0.723,0.075,1.371,1.59,1.026,2.154
20032,0.724,0.075,1.373,1.594,1.029,2.159
20033,0.728,0.078,1.377,1.603,1.037,2.169
20034,0.73,0.08,1.381,1.609,1.043,2.176
20041,0.73,0.079,1.381,1.611,1.044,2.178
20042,0.728,0.076,1.38,1.612,1.044,2.18
20043,0.721,0.068,1.373,1.605,1.036,2.174
20044,0.711,0.058,1.365,1.595,1.025,2.165
20051,0.714,0.06,1.368,1.601,1.03,2.171
20052,0.717,0.062,1.371,1.607,1.035,2.178
20053,0.723,0.067,1.378,1.617,1.045,2.189
20054,0.729,0.073,1.386,1.628,1.055,2.201
20061,0.705,0.048,1.362,1.598,1.024,2.172
20062,0.682,0.024,1.34,1.569,0.995,2.144
20063,0.651,-0.008,1.31,1.529,0.953,2.104
20064,0.619,-0.04,1.279,1.489,0.913,2.065
20071,0.595,-0.065,1.256,1.459,0.882,2.036
20072,0.571,-0.09,1.233,1.429,0.851,2.007
20073,0.522,-0.141,1.185,1.366,0.787,1.945
20074,0.472,-0.191,1.136,1.302,0.723,1.882
20081,0.409,-0.255,1.074,1.222,0.641,1.802
20082,0.347,-0.319,1.012,1.142,0.56,1.723
20083,0.293,-0.374,0.959,1.072,0.49,1.655
20084,0.239,-0.428,0.907,1.003,0.42,1.586
20091,0.177,-0.492,0.845,0.921,0.336,1.505
20092,0.116,-0.553,0.786,0.842,0.256,1.427
20093,0.066,-0.604,0.737,0.776,0.19,1.362
20094,0.015,-0.656,0.687,0.711,0.124,1.298
20101,0.015,-0.658,0.688,0.714,0.125,1.302
20102,0.012,-0.663,0.686,0.713,0.124,1.302
20103,0.037,-0.638,0.713,0.752,0.161,1.342
20104,0.062,-0.615,0.738,0.789,0.198,1.381
20111,0.034,-0.644,0.711,0.759,0.166,1.351
20112,0.004,-0.675,0.683,0.726,0.132,1.319
20113,0.014,-0.667,0.694,0.744,0.149,1.338
20114,0.023,-0.658,0.705,0.762,0.166,1.358
20121,0.092,-0.591,0.775,0.856,0.259,1.453
20122,0.16,-0.525,0.844,0.95,0.352,1.548
20123,0.173,-0.513,0.859,0.972,0.373,1.572
20124,0.187,-0.5,0.874,0.996,0.395,1.597
20131,0.178,-0.511,0.866,0.988,0.386,1.591
20132,0.168,-0.522,0.859,0.981,0.378,1.585
20133,0.172,-0.52,0.864,0.991,0.386,1.596
20134,0.175,-0.519,0.868,0.999,0.393,1.606
20141,0.189,-0.507,0.884,1.022,0.414,1.63
20142,0.203,-0.494,0.9,1.046,0.436,1.656
20143,0.202,-0.497,0.901,1.048,0.437,1.659
20144,0.202,-0.499,0.902,1.052,0.439,1.665
20151,0.198,-0.505,0.9,1.05,0.436,1.665
20152,0.195,-0.509,0.9,1.051,0.435,1.667
20153,0.19,-0.516,0.896,1.048,0.431,1.666
20154,0.185,-0.524,0.893,1.046,0.426,1.665
20161,0.155,-0.555,0.865,1.012,0.39,1.633
20162,0.126,-0.586,0.839,0.979,0.356,1.603
20163,0.096,-0.619,0.811,0.945,0.32,1.571
20164,0.067,-0.65,0.784,0.913,0.285,1.54
20171,0.055,-0.665,0.774,0.901,0.271,1.53
20172,0.042,-0.68,0.763,0.888,0.256,1.519
20173,0.013,-0.711,0.737,0.854,0.22,1.488
20174,-0.016,-0.743,0.71,0.82,0.184,1.456
20181,-0.063,-0.792,0.666,0.763,0.125,1.402
20182,-0.109,-0.84,0.623,0.707,0.066,1.347
20183,-0.159,-0.893,0.575,0.644,0,1.287
20184,-0.209,-0.946,0.528,0.581,-0.065,1.227
20191,-0.266,-1.006,0.474,0.509,-0.14,1.158
20192,-0.322,-1.064,0.421,0.438,-0.213,1.09
20193,-0.351,-1.097,0.395,0.403,-0.251,1.057
20194,-0.379,-1.128,0.37,0.369,-0.288,1.026
20201,-0.384,-1.136,0.368,0.366,-0.294,1.026
20202,-0.388,-1.143,0.367,0.364,-0.3,1.027
20203,-0.383,-1.142,0.375,0.373,-0.294,1.04
20204,-0.38,-1.142,0.382,0.382,-0.288,1.052
20211,-0.341,-1.107,0.425,0.438,-0.236,1.111
20212,-0.303,-1.072,0.467,0.493,-0.184,1.17
20213,-0.253,-1.026,0.52,0.564,-0.117,1.245
20214,-0.203,-0.98,0.574,0.635,-0.05,1.319
20221,-0.179,-0.96,0.602,0.67,-0.018,1.359
20222,-0.156,-0.941,0.629,0.705,0.012,1.397
20223,-0.139,-0.929,0.65,0.73,0.033,1.427
20224,-0.122,-0.915,0.672,0.756,0.055,1.457
20231,-0.103,-0.901,0.696,0.783,0.078,1.489
20232,-0.083,-0.886,0.719,0.81,0.1,1.521
20233,-0.075,-0.882,0.733,0.823,0.108,1.538
20234,-0.064,-0.877,0.748,0.838,0.118,1.558
20241,-0.057,-0.875,0.761,0.848,0.122,1.573
20242,-0.048,-0.871,0.775,0.86,0.129,1.591
20243,-0.048,-0.876,0.78,0.86,0.124,1.596
20244,-0.048,-0.882,0.785,0.859,0.117,1.601
20251,-0.047,-0.887,0.792,0.861,0.114,1.609
20252,-0.046,-0.891,0.8,0.864,0.11,1.618
20253,-0.036,-0.888,0.815,0.877,0.117,1.637
20254,-0.027,-0.885,0.831,0.89,0.123,1.656
20261,-0.021,-0.885,0.843,0.898,0.124,1.671
20262,-0.017,-0.888,0.854,0.903,0.123,1.684
20263,-0.014,-0.891,0.864,0.907,0.119,1.695
