Data as of 2026-09-30,,,
Quarter,mean,upper_1sd,lower_1sd
198303,2.054,2.431,1.677
198306,1.964,2.346,1.582
198309,1.844,2.232,1.456
198312,2.034,2.414,1.653
198403,2.305,2.708,1.902
198406,2.378,2.77,1.987
198409,2.379,2.756,2.002
198412,2.411,2.772,2.05
198503,2.51,2.851,2.169
198506,2.258,2.55,1.966
198509,1.924,2.352,1.496
198512,1.46,1.887,1.032
198603,1.353,1.785,0.921
198606,1.58,1.925,1.235
198609,1.3,1.653,0.946
198612,0.98,1.36,0.599
198703,0.695,1.078,0.311
198706,0.618,0.974,0.262
198709,0.828,1.119,0.538
198712,0.891,1.154,0.628
198803,0.827,1.075,0.578
198806,0.747,0.995,0.5
198809,0.71,0.964,0.456
198812,0.829,1.051,0.608
198903,0.906,1.107,0.705
198906,0.999,1.192,0.806
198909,1.003,1.204,0.802
198912,0.854,1.091,0.617
199003,0.854,1.11,0.599
199006,0.932,1.178,0.686
199009,0.918,1.183,0.652
199012,0.994,1.276,0.712
199103,1.073,1.372,0.775
199106,0.942,1.25,0.634
199109,0.873,1.201,0.546
199112,0.837,1.193,0.481
199203,0.784,1.175,0.393
199206,0.899,1.263,0.535
199209,0.953,1.301,0.606
199212,0.858,1.223,0.493
199303,0.714,1.141,0.287
199306,0.72,1.157,0.283
199309,0.836,1.224,0.449
199312,0.817,1.205,0.429
199403,0.809,1.189,0.429
199406,0.879,1.212,0.546
199409,0.897,1.214,0.581
199412,0.842,1.18,0.504
199503,0.807,1.161,0.453
199506,0.588,0.969,0.206
199509,0.517,0.935,0.1
199512,0.73,1.09,0.37
199603,0.679,1.028,0.33
199606,0.566,0.939,0.194
199609,0.624,0.981,0.267
199612,0.724,1.054,0.393
199703,0.744,1.059,0.43
199706,0.792,1.065,0.519
199709,0.868,1.09,0.647
199712,0.897,1.083,0.711
199803,0.596,0.878,0.314
199806,0.158,0.649,-0.332
199809,0.116,0.557,-0.325
199812,0.224,0.612,-0.164
199903,0.407,0.767,0.047
199906,0.473,0.834,0.112
199909,0.371,0.741,0.001
199912,0.304,0.674,-0.066
200003,0.248,0.628,-0.133
200006,0.185,0.565,-0.195
200009,0.111,0.482,-0.26
200012,-0.214,0.144,-0.571
200103,-0.426,-0.031,-0.821
200106,-0.373,-0.047,-0.698
200109,-0.343,-0.046,-0.64
200112,-0.254,0.026,-0.533
200203,-0.186,0.083,-0.455
200206,-0.104,0.16,-0.367
200209,-0.094,0.178,-0.367
200212,-0.081,0.197,-0.358
200303,-0.055,0.221,-0.33
200306,0.013,0.269,-0.243
200309,0.178,0.473,-0.117
200312,0.255,0.596,-0.085
200403,0.171,0.47,-0.129
200406,0.074,0.329,-0.18
200409,0.085,0.34,-0.17
200412,0.05,0.289,-0.19
200503,-0.017,0.201,-0.235
200506,-0.011,0.197,-0.218
200509,-0.09,0.118,-0.299
200512,-0.124,0.094,-0.342
200603,-0.05,0.134,-0.234
200606,-0.035,0.138,-0.209
200609,-0.028,0.134,-0.191
200612,-0.021,0.126,-0.168
200703,-0.045,0.098,-0.188
200706,-0.05,0.087,-0.188
200709,-0.037,0.088,-0.162
200712,-0.009,0.103,-0.12
200803,0.031,0.14,-0.078
200806,0.05,0.167,-0.066
200809,0.179,0.353,0.005
200812,0.12,0.276,-0.037
200903,-0.093,0.091,-0.277
200906,-0.154,0.048,-0.356
200909,-0.278,-0.015,-0.541
200912,-0.275,0.002,-0.553
201003,-0.128,0.106,-0.363
201006,-0.124,0.107,-0.356
201009,-0.301,-0.025,-0.576
201012,-0.199,0.062,-0.461
201103,0.061,0.334,-0.211
201106,0.09,0.33,-0.15
201109,0.11,0.324,-0.104
201112,0.051,0.241,-0.14
201203,0.014,0.193,-0.166
201206,0.068,0.248,-0.113
201209,0.055,0.221,-0.112
201212,0.017,0.163,-0.128
201303,-0.017,0.114,-0.147
201306,0.035,0.176,-0.105
201309,0.334,0.621,0.048
201312,0.743,1.216,0.27
201403,0.849,1.321,0.377
201406,0.814,1.224,0.405
201409,0.805,1.172,0.438
201412,0.562,0.87,0.254
201503,0.322,0.605,0.038
201506,0.375,0.663,0.087
201509,0.365,0.648,0.082
201512,0.38,0.661,0.098
201603,0.371,0.641,0.101
201606,0.183,0.404,-0.038
201609,0.094,0.273,-0.086
201612,0.084,0.25,-0.083
201703,0.139,0.329,-0.051
201706,0.141,0.335,-0.053
201709,0.136,0.33,-0.057
201712,0.188,0.414,-0.037
201803,0.247,0.505,-0.01
201806,0.133,0.377,-0.11
201809,0.03,0.263,-0.204
201812,0.079,0.299,-0.14
201903,0.083,0.298,-0.131
201906,0.075,0.285,-0.135
201909,0.057,0.26,-0.145
201912,0.015,0.207,-0.176
202003,0.016,0.205,-0.174
202006,-0.032,0.159,-0.223
202009,-0.091,0.105,-0.288
202012,-0.092,0.088,-0.272
202103,-0.031,0.126,-0.187
202106,-0.059,0.095,-0.213
202109,-0.119,0.046,-0.284
202112,-0.071,0.084,-0.226
202203,-0.052,0.099,-0.204
202206,0.202,0.473,-0.069
202209,0.581,1.117,0.044
202212,1.094,1.795,0.392
202303,1.308,2.089,0.527
202306,1.332,2.072,0.592
202309,1.553,2.294,0.811
202312,1.543,2.255,0.831
202403,1.48,2.159,0.8
202406,1.452,2.104,0.8
202409,1.581,2.202,0.961
202412,1.712,2.311,1.113
202503,1.863,2.428,1.298
202506,2.14,2.677,1.603
202509,2.14,2.661,1.618
202512,2.043,2.561,1.524
202603,1.832,2.334,1.331
202606,1.592,2.111,1.073
202609,1.661,2.148,1.174
