Data as of 2026-09-30,,,,,,
Quarter,minus_2,minus_1,zero,plus_1,plus_2,plus_3
198303,0,0,0,28.82,36.94,34.24
198306,0.02,0.06,0.2,31.5,39.62,28.59
198309,0.05,0.15,0.51,34.29,44.67,20.33
198312,0.03,0.11,0.42,24.87,45.04,29.53
198403,0.01,0.05,0.23,13.28,41.96,44.46
198406,0.02,0.06,0.26,10.15,40.8,48.72
198409,0.02,0.08,0.32,8.92,42.94,47.73
198412,0.02,0.07,0.31,7.5,42.59,49.51
198503,0.01,0.05,0.24,5.36,37.31,57.02
198506,0.21,0.81,2.87,9.64,41.99,44.48
198509,0.29,1.19,4.94,17.18,52.21,24.19
198512,1.29,3.96,12.28,25.18,44.56,12.73
198603,1.29,3.98,12.86,30.01,43.71,8.15
198606,0.22,0.99,6.37,33.75,50.34,8.32
198609,0.48,2,11.11,43.98,38.33,4.1
198612,0.87,3.67,19.06,51.29,23.25,1.86
198703,1.37,5.86,29.21,49.98,12.65,0.93
198706,1.22,5.61,32.64,51.84,8.04,0.64
198709,0.5,2.72,22.78,62.53,10.4,1.07
198712,0.31,1.78,18.23,68.86,9.8,1.03
198803,0.32,1.86,19.92,71.18,6.17,0.55
198806,0.39,2.28,24.45,68.34,4.14,0.39
198809,0.38,2.3,26.9,67.1,2.98,0.34
198812,0.18,1.24,19.31,74.6,4.09,0.59
198903,0.11,0.77,13.83,79.71,4.84,0.74
198906,0.07,0.52,9.49,80.85,7.47,1.6
198909,0.18,0.79,8.4,81.4,7.63,1.6
198912,0.54,2.12,13.91,78.8,4.06,0.56
199003,0.5,2.04,14.19,78.66,3.98,0.62
199006,0.22,1.07,10.75,82.05,5.07,0.85
199009,0.28,1.25,11.15,81.81,4.77,0.74
199012,0.23,1.07,9.58,79.49,7.49,2.14
199103,0.14,0.73,7.3,78.24,10.68,2.91
199106,0.64,2.01,10.32,77.96,7.68,1.39
199109,0.79,2.52,12.16,78.34,5.44,0.74
199112,0.92,2.92,13.71,77.06,4.76,0.63
199203,1.14,3.53,15.57,75.73,3.61,0.42
199206,0.64,2.27,12.54,76.84,6.51,1.2
199209,0.41,1.67,10.72,77.87,8.01,1.32
199212,0.73,2.51,12.97,78.24,5.07,0.47
199303,1.61,4.55,17.34,74,2.33,0.17
199306,1.57,4.47,17.44,73.74,2.45,0.33
199309,0.78,2.67,13.9,77.97,4.15,0.53
199312,0.8,2.75,14.35,78.46,3.32,0.32
199403,0.76,2.66,14.38,79.54,2.44,0.22
199406,0.48,1.82,11.89,81.3,4.1,0.41
199409,0.41,1.59,11.05,82.11,4.45,0.38
199412,0.56,2.09,12.96,81.55,2.66,0.18
199503,0.62,2.36,14.54,80.76,1.58,0.13
199506,2.67,6.99,20.43,68.81,1,0.09
199509,2.83,7.87,25.05,63.35,0.77,0.13
199512,0.67,3.05,21.04,73.36,1.57,0.3
199603,0.75,3.46,24.67,69.59,1.29,0.23
199606,0.87,4.26,32.98,61.22,0.59,0.08
199609,0.54,2.92,31.3,64.22,0.88,0.14
199612,0.33,1.78,24.97,71.27,1.41,0.24
199703,0.27,1.49,23.6,73.04,1.38,0.23
199706,0.21,1.17,20.31,76.2,1.78,0.33
199709,0.13,0.76,14.63,81.55,2.46,0.47
199712,0.11,0.64,12.21,83.96,2.62,0.46
199803,2.43,7.45,20.48,67.62,1.73,0.28
199806,4.11,18.06,36.42,40.78,0.55,0.08
199809,2.21,17.15,48.12,31.96,0.48,0.08
199812,0.75,10.15,55.86,32.54,0.6,0.1
199903,0.34,4.9,51.03,41.53,1.8,0.4
199906,0.24,2.5,49.82,45.01,1.99,0.43
199909,0.31,2.9,57.46,38.19,0.98,0.16
199912,0.41,3.54,62.31,32.84,0.78,0.12
200003,0.51,4.31,66.03,28.33,0.72,0.11
200006,0.69,5.5,69.23,23.85,0.63,0.1
200009,0.84,6.83,73.31,18.5,0.45,0.07
200012,8.79,15.39,64.6,10.89,0.28,0.05
200103,10.88,25.57,59.02,4.37,0.14,0.03
200106,4.45,31.85,60.4,3.14,0.13,0.03
200109,2.69,31.61,63.22,2.32,0.13,0.03
200112,1.24,25.51,70.84,2.23,0.15,0.03
200203,0.83,19.76,76.83,2.36,0.18,0.04
200206,0.54,13.01,83.1,3.02,0.27,0.06
200209,0.6,11.77,84.46,2.87,0.25,0.05
200212,0.57,10.83,85.14,3.07,0.32,0.07
200303,0.44,9.05,86.59,3.45,0.39,0.08
200306,0.33,6.8,85.65,5.91,1.06,0.25
200309,0.13,3.14,79.69,13.53,2.83,0.67
200312,0.09,1.85,75.34,18.64,3.34,0.75
200403,0.16,2.28,80.67,14.51,1.98,0.4
200406,0.25,3.14,86.83,8.67,0.95,0.17
200409,0.19,2.63,87.06,8.93,1,0.19
200412,0.56,3.87,86.81,7.74,0.86,0.16
200503,0.78,5.72,88.49,4.5,0.43,0.08
200506,0.5,5.13,89.85,4.07,0.39,0.07
200509,1.44,9.73,85.62,2.89,0.27,0.05
200512,1.63,11.63,84.52,2,0.18,0.03
200603,0.62,6.87,89.71,2.5,0.25,0.05
200606,0.48,5.65,91.13,2.45,0.24,0.05
200609,0.43,5,91.86,2.43,0.24,0.05
200612,0.38,4.28,92.7,2.36,0.23,0.04
200703,0.55,5.48,92.07,1.7,0.16,0.03
200706,0.59,5.86,91.78,1.57,0.16,0.03
200709,0.49,5.15,92.26,1.83,0.22,0.05
200712,0.4,4.19,92.02,2.78,0.49,0.12
200803,0.32,3.24,90.87,4.39,0.95,0.23
200806,0.38,3.13,89.41,5.55,1.23,0.3
200809,0.35,2.69,82.45,9.3,3.68,1.54
200812,2.18,4.19,79.58,9.05,3.51,1.48
200903,4.61,7.22,82.25,4.91,0.84,0.18
200906,5.88,9.39,79.94,4,0.65,0.14
200909,9.7,12.85,73.74,3.11,0.49,0.11
200912,9.53,13.86,72.34,3.35,0.7,0.21
201003,5.04,11.57,76.78,4.86,1.31,0.44
201006,4.5,12.08,76.8,4.97,1.26,0.39
201009,8.89,17.44,69.47,3.39,0.64,0.16
201012,7.78,16.27,68.17,4.75,1.92,1.11
201103,2.46,10.06,73.8,8.12,3.71,1.86
201106,1.62,8.28,75.65,9.59,3.59,1.26
201109,1.12,6.77,77.15,10.85,3.21,0.9
201112,1.31,7.65,79.05,9.19,2.22,0.58
201203,1.29,7.83,81.27,7.8,1.47,0.35
201206,0.71,5.6,82.42,9.18,1.7,0.4
201209,0.66,5.33,83.92,8.38,1.4,0.32
201212,0.75,5.97,85.48,6.59,0.98,0.22
201303,0.9,7.01,85.98,5.21,0.73,0.16
201306,0.69,5.73,85.08,6.72,1.41,0.37
201309,0.25,2.62,73.17,14.04,7.24,2.67
201312,0.12,1.18,52.72,22.46,17.34,6.18
201403,0.12,0.92,43.84,29.61,20.07,5.43
201406,0.12,0.85,40.31,37.88,17.89,2.96
201409,0.11,0.77,36.7,45.42,14.93,2.07
201412,0.4,2,48,41.12,7.56,0.92
201503,0.59,3.28,62.76,30.38,2.66,0.32
201506,0.33,2.28,60.7,33.42,2.84,0.44
201509,0.29,1.93,62.24,32.5,2.61,0.42
201512,0.26,1.76,61.37,33.45,2.69,0.48
201603,0.26,1.64,62.33,32.76,2.55,0.46
201606,0.45,2.89,75.91,19.55,1.04,0.16
201609,0.49,3.69,82.64,12.4,0.67,0.11
201612,0.35,3.06,85.38,10.43,0.67,0.12
201703,0.14,1.56,84.01,13.07,1.03,0.2
201706,0.12,1.23,84.45,12.98,1.03,0.19
201709,0.12,1.13,85.04,12.59,0.95,0.17
201712,0.08,0.76,81.25,16.33,1.34,0.25
201803,0.07,0.62,76.25,20.97,1.77,0.33
201806,1.64,3.04,77.44,16.35,1.3,0.24
201809,2,4.52,82.92,9.74,0.7,0.12
201812,0.64,3.2,84.87,10.35,0.8,0.15
201903,0.48,2.86,85.55,10.19,0.78,0.14
201906,0.49,3.02,85.99,9.65,0.72,0.13
201909,0.6,3.55,86.27,8.8,0.66,0.12
201912,1,5.06,86.07,7.24,0.53,0.1
202003,1.04,5.38,85.56,7.19,0.69,0.15
202006,2.14,7.24,83.27,6.54,0.66,0.15
202009,2.98,9.76,81.42,5.2,0.51,0.12
202012,2.71,10.45,81.01,5.08,0.59,0.14
202103,2.13,9.08,80.76,6.25,1.29,0.49
202106,3.09,10.05,78.85,6.18,1.33,0.5
202109,3.88,12.11,77.52,5.32,0.91,0.26
202112,2.83,11.06,78.46,6.1,1.2,0.36
202203,2.58,10.68,78.3,6.64,1.39,0.4
202206,1.67,7.71,71.65,10.35,5.02,3.61
202209,0.87,4.61,59.5,14.84,10.96,9.23
202212,0.59,3.14,42.47,15.51,16.69,21.6
202303,0.58,2.68,33.95,16.6,20.52,25.67
202306,0.58,2.56,31.45,17.89,23.56,23.96
202309,0.4,1.89,23.99,17.75,27.63,28.33
202312,0.43,1.88,22.28,19.3,30.62,25.5
202403,0.46,1.95,21.85,21.51,33.34,20.89
202406,0.47,1.95,20.81,23.21,35.77,17.78
202409,0.39,1.62,16.91,21.75,39.19,20.13
202412,0.33,1.33,13.16,19.8,42.78,22.6
202503,0.28,1.1,10.27,17.07,42.97,28.32
202506,0.17,0.7,6.33,12.16,39,41.64
202509,0.25,0.86,6.01,12.06,39.19,41.63
202512,0.31,1.04,6.57,13.6,43.05,35.41
202603,0.7,1.96,8.9,17.14,44.46,26.84
202606,0.94,2.73,11.7,22.14,45.82,16.67
202609,0.5,1.71,9.52,22.8,50.4,15.07
