Data as of 2026-09-30,,,,,,,,,,
Quarter,1Year,2Year,3Year,4Year,5Year,6Year,7Year,8Year,9Year,10Year
199012,1.282,0.913,0.57,0.78,0.879,0.953,0.984,0.989,0.993,0.993
199103,1.312,0.921,0.627,0.839,0.956,1.031,1.063,1.069,1.073,1.073
199106,1.161,0.684,0.565,0.707,0.849,0.902,0.934,0.938,0.941,0.941
199109,1.141,0.64,0.509,0.655,0.782,0.838,0.866,0.87,0.873,0.873
199112,1.049,0.468,0.494,0.631,0.753,0.808,0.828,0.835,0.836,0.837
199203,0.995,0.433,0.454,0.59,0.704,0.755,0.776,0.781,0.783,0.783
199206,0.99,0.657,0.511,0.717,0.805,0.87,0.89,0.896,0.898,0.898
199209,0.924,0.637,0.57,0.763,0.864,0.923,0.944,0.95,0.952,0.953
199212,0.645,0.456,0.509,0.663,0.783,0.826,0.85,0.854,0.857,0.857
199303,0.415,0.251,0.384,0.53,0.644,0.686,0.705,0.711,0.712,0.713
199306,0.548,0.275,0.402,0.544,0.646,0.693,0.711,0.717,0.719,0.719
199309,0.55,0.411,0.512,0.674,0.761,0.81,0.827,0.833,0.835,0.836
199312,0.37,0.333,0.499,0.657,0.747,0.791,0.807,0.813,0.815,0.816
199403,0.318,0.35,0.503,0.653,0.742,0.782,0.799,0.805,0.807,0.808
199406,0.384,0.483,0.591,0.741,0.814,0.854,0.87,0.875,0.878,0.879
199409,0.413,0.485,0.637,0.763,0.838,0.873,0.888,0.894,0.896,0.897
199412,0.278,0.382,0.585,0.702,0.785,0.817,0.832,0.838,0.84,0.841
199503,0.274,0.367,0.541,0.668,0.744,0.781,0.797,0.803,0.805,0.806
199506,-0.098,-0.01,0.304,0.431,0.525,0.561,0.576,0.583,0.585,0.587
199509,0.132,0.322,0.515,0.544,0.544,0.531,0.523,0.519,0.518,0.517
199512,0.446,0.737,0.779,0.804,0.76,0.747,0.734,0.731,0.73,0.73
199603,0.095,0.254,0.434,0.545,0.612,0.647,0.664,0.672,0.675,0.677
199606,0.104,0.335,0.461,0.513,0.546,0.554,0.562,0.563,0.565,0.566
199609,0.139,0.276,0.351,0.471,0.537,0.583,0.603,0.614,0.619,0.621
199612,0.764,0.837,0.827,0.784,0.752,0.737,0.729,0.726,0.725,0.724
199703,0.93,1.114,1.039,0.918,0.826,0.777,0.756,0.748,0.746,0.745
199706,1.013,1.146,1.039,0.937,0.856,0.817,0.801,0.795,0.793,0.792
199709,1.363,1.474,1.32,1.116,0.979,0.907,0.879,0.87,0.868,0.868
199712,0.877,0.851,0.823,0.84,0.865,0.881,0.89,0.894,0.896,0.896
199803,0.102,0.033,0.253,0.391,0.515,0.565,0.587,0.594,0.595,0.596
199806,-0.524,-0.659,-0.314,-0.104,0.067,0.132,0.156,0.161,0.16,0.159
199809,-0.726,-0.721,-0.379,-0.118,0.033,0.1,0.117,0.12,0.118,0.117
199812,-0.962,-0.87,-0.452,-0.09,0.11,0.204,0.229,0.233,0.229,0.227
199903,-0.652,-0.415,-0.142,0.166,0.318,0.393,0.415,0.416,0.413,0.41
199906,-0.374,-0.059,0.128,0.334,0.424,0.468,0.479,0.479,0.477,0.475
199909,-0.298,-0.158,0.009,0.18,0.295,0.349,0.371,0.375,0.374,0.373
199912,-0.219,-0.204,-0.123,0.026,0.156,0.236,0.278,0.296,0.302,0.304
200003,0.524,0.585,0.537,0.43,0.351,0.304,0.277,0.263,0.255,0.252
200006,-0.029,-0.035,0.04,0.092,0.141,0.166,0.178,0.183,0.184,0.185
200009,-0.019,0.039,0.111,0.12,0.124,0.119,0.115,0.113,0.112,0.111
200012,-0.33,-0.218,-0.054,-0.118,-0.158,-0.197,-0.213,-0.216,-0.216,-0.215
200103,-0.535,-0.455,-0.306,-0.348,-0.38,-0.412,-0.425,-0.428,-0.428,-0.427
200106,-0.532,-0.362,-0.274,-0.292,-0.339,-0.361,-0.374,-0.375,-0.375,-0.374
200109,-0.802,-0.688,-0.539,-0.421,-0.371,-0.347,-0.342,-0.341,-0.342,-0.343
200112,-1.252,-1.029,-0.771,-0.495,-0.342,-0.273,-0.25,-0.248,-0.25,-0.252
200203,-1.564,-1.422,-1.047,-0.608,-0.328,-0.198,-0.159,-0.161,-0.171,-0.179
200206,-1.114,-0.894,-0.571,-0.315,-0.164,-0.105,-0.09,-0.093,-0.098,-0.101
200209,-1.12,-0.906,-0.565,-0.314,-0.163,-0.101,-0.084,-0.084,-0.088,-0.092
200212,-0.801,-0.622,-0.384,-0.208,-0.114,-0.076,-0.069,-0.072,-0.076,-0.079
200303,-0.389,-0.134,-0.025,0.006,-0.015,-0.032,-0.047,-0.053,-0.055,-0.055
200306,-0.494,-0.26,-0.17,-0.049,-0.006,0.015,0.019,0.017,0.015,0.014
200309,-0.23,0.012,0.038,0.13,0.16,0.177,0.181,0.18,0.179,0.178
200312,-0.001,0.174,0.2,0.237,0.254,0.257,0.259,0.257,0.256,0.256
200403,-0.093,0.014,0.109,0.138,0.169,0.171,0.174,0.172,0.171,0.171
200406,0.012,0.003,0.072,0.066,0.079,0.078,0.077,0.076,0.075,0.075
200409,0.218,0.144,0.115,0.099,0.088,0.089,0.086,0.086,0.085,0.085
200412,0.066,-0.008,-0.003,0.013,0.029,0.044,0.048,0.051,0.05,0.05
200503,0.143,0.172,0.136,0.066,0.02,-0.006,-0.015,-0.018,-0.018,-0.018
200506,0.029,0.044,0.002,-0.003,-0.011,-0.01,-0.01,-0.01,-0.01,-0.011
200509,0.063,0.049,0.05,-0.024,-0.059,-0.081,-0.089,-0.09,-0.091,-0.091
200512,-0.127,-0.166,-0.147,-0.146,-0.133,-0.128,-0.125,-0.124,-0.124,-0.124
200603,0.061,0.066,0.009,-0.013,-0.039,-0.044,-0.049,-0.049,-0.05,-0.05
200606,0.008,-0.05,-0.063,-0.059,-0.05,-0.042,-0.038,-0.036,-0.036,-0.035
200609,0.004,0.029,-0.015,-0.02,-0.025,-0.028,-0.027,-0.028,-0.028,-0.028
200612,-0.018,0.018,0.008,-0.002,-0.011,-0.017,-0.02,-0.02,-0.021,-0.021
200703,0.053,0.06,0.093,0.024,-0.006,-0.032,-0.041,-0.044,-0.045,-0.045
200706,0.164,0.202,0.167,0.068,0.003,-0.032,-0.046,-0.05,-0.051,-0.051
200709,0.212,0.181,0.111,0.041,-0.009,-0.027,-0.036,-0.037,-0.037,-0.037
200712,0.55,0.438,0.208,0.094,0.02,0,-0.007,-0.009,-0.008,-0.009
200803,0.571,0.395,0.079,0.033,0.007,0.02,0.028,0.03,0.032,0.031
200806,1.193,0.942,0.496,0.257,0.128,0.079,0.063,0.056,0.053,0.052
200809,1.068,0.691,0.198,0.151,0.139,0.159,0.174,0.177,0.179,0.179
200812,-0.022,-0.117,0.05,0.061,0.121,0.118,0.121,0.12,0.119,0.12
200903,-0.721,-0.967,-0.438,-0.325,-0.153,-0.123,-0.102,-0.097,-0.096,-0.094
200906,-1.738,-1.837,-1.133,-0.64,-0.328,-0.19,-0.153,-0.144,-0.149,-0.151
200909,-2.213,-2.318,-1.357,-0.818,-0.47,-0.318,-0.278,-0.267,-0.272,-0.275
200912,-2.141,-1.714,-1.076,-0.616,-0.412,-0.317,-0.29,-0.281,-0.278,-0.277
201003,-0.664,-0.034,-0.09,-0.003,-0.1,-0.108,-0.127,-0.129,-0.129,-0.129
201006,-1.047,-0.394,-0.197,-0.101,-0.101,-0.114,-0.12,-0.124,-0.124,-0.124
201009,-1.539,-0.757,-0.345,-0.297,-0.257,-0.291,-0.295,-0.301,-0.301,-0.301
201012,-0.919,-0.477,-0.312,-0.221,-0.199,-0.195,-0.197,-0.199,-0.199,-0.199
201103,-0.027,0.172,0.177,0.133,0.077,0.066,0.059,0.06,0.061,0.061
201106,-0.029,0.074,0.055,0.071,0.077,0.085,0.09,0.09,0.091,0.09
201109,-0.106,0.118,0.03,0.087,0.093,0.105,0.11,0.11,0.11,0.11
201112,-0.47,-0.387,-0.213,-0.088,0.004,0.035,0.048,0.05,0.051,0.051
201203,0.075,0.108,0.117,0.046,0.033,0.015,0.014,0.013,0.014,0.014
201206,-0.062,0.013,0.041,0.067,0.065,0.069,0.067,0.068,0.068,0.068
201209,0.178,0.103,0.134,0.084,0.067,0.058,0.055,0.055,0.055,0.055
201212,-0.081,-0.002,0.025,0.026,0.022,0.019,0.018,0.017,0.017,0.017
201303,-0.299,-0.208,-0.109,-0.051,-0.028,-0.019,-0.018,-0.017,-0.017,-0.017
201306,-0.157,-0.134,-0.103,-0.025,0.01,0.028,0.034,0.035,0.035,0.035
201309,0.381,0.457,0.261,0.318,0.31,0.328,0.333,0.334,0.335,0.334
201312,0.874,0.934,0.734,0.746,0.731,0.738,0.742,0.742,0.743,0.743
201403,0.951,0.988,0.88,0.848,0.851,0.845,0.85,0.848,0.849,0.849
201406,1.203,1.108,0.954,0.855,0.829,0.814,0.815,0.814,0.815,0.814
201409,1.059,0.873,0.857,0.809,0.81,0.806,0.805,0.806,0.805,0.805
201412,0.511,0.355,0.515,0.527,0.563,0.563,0.563,0.563,0.562,0.562
201503,-0.04,-0.034,0.203,0.282,0.324,0.327,0.324,0.323,0.322,0.322
201506,0.079,0.147,0.287,0.366,0.377,0.382,0.377,0.375,0.375,0.375
201509,-0.081,0.152,0.33,0.387,0.384,0.375,0.368,0.365,0.365,0.365
201512,-0.136,0.122,0.252,0.352,0.377,0.381,0.381,0.379,0.38,0.379
201603,-0.093,0.208,0.334,0.381,0.382,0.376,0.372,0.371,0.371,0.371
201606,-0.144,0.005,0.17,0.18,0.194,0.186,0.184,0.183,0.183,0.183
201609,-0.066,0.053,0.127,0.113,0.104,0.097,0.094,0.094,0.094,0.094
201612,0.155,0.144,0.116,0.099,0.081,0.083,0.082,0.083,0.084,0.084
201703,0.784,0.636,0.353,0.223,0.149,0.139,0.137,0.139,0.139,0.139
201706,0.287,0.336,0.185,0.165,0.143,0.141,0.142,0.141,0.142,0.141
201709,0.522,0.455,0.281,0.188,0.155,0.138,0.138,0.137,0.137,0.137
201712,0.845,0.689,0.427,0.282,0.217,0.195,0.19,0.189,0.189,0.189
201803,1.249,0.923,0.579,0.375,0.283,0.256,0.249,0.249,0.248,0.248
201806,1.052,0.635,0.388,0.206,0.152,0.135,0.133,0.134,0.134,0.134
201809,1.164,0.717,0.37,0.153,0.066,0.039,0.033,0.032,0.031,0.03
201812,0.843,0.534,0.271,0.16,0.102,0.089,0.083,0.081,0.08,0.08
201903,0.534,0.27,0.151,0.103,0.093,0.087,0.086,0.085,0.084,0.084
201906,0.636,0.455,0.294,0.18,0.124,0.095,0.084,0.079,0.077,0.076
201909,0.237,0.068,0.056,0.054,0.061,0.061,0.059,0.058,0.057,0.057
201912,0.329,0.135,0.14,0.066,0.045,0.028,0.021,0.018,0.017,0.016
202003,0.262,0.18,0.114,0.078,0.045,0.031,0.022,0.019,0.017,0.016
202006,-0.549,-0.418,-0.136,-0.06,-0.022,-0.025,-0.03,-0.031,-0.033,-0.032
202009,-0.523,-0.455,-0.196,-0.138,-0.093,-0.092,-0.091,-0.092,-0.092,-0.092
202012,-1.195,-0.511,-0.121,-0.013,-0.034,-0.069,-0.088,-0.093,-0.094,-0.093
202103,-0.074,-0.051,-0.08,-0.049,-0.058,-0.043,-0.038,-0.035,-0.032,-0.032
202106,0.765,0.641,0.354,0.098,-0.025,-0.054,-0.062,-0.059,-0.059,-0.058
202109,0.341,0.252,0.025,-0.076,-0.118,-0.124,-0.121,-0.12,-0.119,-0.119
202112,0.419,0.334,0.03,-0.049,-0.088,-0.082,-0.077,-0.073,-0.072,-0.072
202203,0.475,0.226,0,-0.069,-0.075,-0.067,-0.057,-0.054,-0.053,-0.053
202206,1.305,0.942,0.306,0.229,0.177,0.191,0.201,0.201,0.203,0.202
202209,1.654,1.335,0.691,0.63,0.571,0.581,0.584,0.583,0.583,0.582
202212,2.258,1.789,1.163,1.096,1.081,1.087,1.1,1.095,1.096,1.094
202303,1.951,1.672,1.377,1.312,1.322,1.313,1.316,1.312,1.31,1.309
202306,2.042,1.431,1.339,1.283,1.333,1.332,1.337,1.334,1.333,1.332
202309,2.399,1.838,1.667,1.588,1.573,1.568,1.561,1.558,1.555,1.554
202312,2.342,1.773,1.66,1.591,1.565,1.56,1.551,1.549,1.545,1.544
202403,2.023,1.633,1.515,1.493,1.486,1.487,1.484,1.482,1.481,1.48
202406,1.871,1.662,1.486,1.48,1.459,1.46,1.456,1.454,1.453,1.452
202409,1.7,1.555,1.434,1.522,1.553,1.573,1.58,1.58,1.581,1.581
202412,1.729,1.699,1.644,1.685,1.707,1.71,1.714,1.712,1.712,1.712
202503,2.214,2.067,1.851,1.863,1.86,1.864,1.867,1.864,1.864,1.863
202506,2.537,2.424,2.132,2.157,2.14,2.146,2.146,2.143,2.142,2.141
202509,2.34,2.162,2.16,2.13,2.152,2.143,2.144,2.142,2.14,2.14
202512,2.293,2.083,2.104,2.049,2.065,2.05,2.049,2.045,2.044,2.043
202603,1.941,1.73,1.893,1.848,1.852,1.843,1.834,1.835,1.832,1.833
202606,2.179,1.718,1.752,1.636,1.61,1.6,1.593,1.594,1.593,1.592
202609,1.85,1.78,1.669,1.689,1.655,1.665,1.66,1.661,1.661,1.661
